Name,Age,Marks,Subject,Admission
Bilal Shah,20,584,Arts,No
Ayesha Farooq,17,650,Arts,No
Ali Shah,22,892,Math,Yes
Bilal Shah,19,901,Computer,Yes
Bilal Malik,19,531,Math,No
Ali Ahmed,20,798,Arts,No
Zain Ali,17,829,Arts,No
Ayesha Farooq,22,847,Computer,Yes
Ayesha Ahmed,16,857,Computer,No
Ayesha Malik,17,915,Arts,No
Noor Malik,22,814,Arts,No
Usman Ahmed,18,828,Math,Yes
Sara Farooq,18,922,Computer,Yes
Iqra Raza,16,677,Computer,No
Ayesha Farooq,22,738,Medical,Yes
Bilal Khan,20,884,Arts,No
Iqra Raza,16,787,Math,No
Bilal Khan,20,779,Computer,Yes
Ayesha Khan,16,596,Computer,No
Iqra Raza,19,507,Math,No
Bilal Khan,18,756,Computer,Yes
Ali Raza,22,815,Medical,Yes
Bilal Farooq,19,658,Math,Yes
Hina Ali,20,975,Math,Yes
Sara Raza,20,750,Math,Yes
Hina Malik,21,932,Medical,Yes
Ahmed Farooq,16,904,Medical,No
Ali Ahmed,16,692,Computer,No
Bilal Shah,21,815,Arts,No
Hina Farooq,16,732,Arts,No
Ahmed Ali,19,758,Computer,Yes
Ali Ali,21,698,Medical,Yes
Usman Ali,16,662,Medical,No
Hina Butt,18,868,Computer,Yes
Sara Malik,16,677,Arts,No
Bilal Shah,17,577,Computer,No
Usman Butt,22,865,Computer,Yes
Sara Khan,22,746,Arts,No
Noor Malik,20,528,Medical,No
Hina Farooq,22,888,Medical,Yes
Ayesha Shah,17,690,Computer,No
Hina Farooq,19,803,Arts,No
Ali Butt,19,648,Arts,No
Ayesha Butt,16,645,Computer,No
Ali Butt,19,795,Math,Yes
Ali Farooq,16,970,Computer,No
Sara Khan,17,838,Math,No
Usman Malik,16,979,Math,No
Sara Shah,16,587,Arts,No
Hina Ahmed,22,514,Arts,No
Hina Khan,21,516,Math,No
Usman Shah,20,645,Medical,Yes
Usman Ahmed,20,635,Medical,Yes
Ali Ali,20,817,Arts,No
Ali Malik,18,827,Computer,Yes
Sara Farooq,17,742,Math,No
Noor Butt,19,535,Math,No
Usman Butt,16,868,Computer,No
Noor Raza,21,948,Arts,Yes
Noor Raza,20,905,Math,Yes
Ali Ahmed,16,849,Computer,No
Ahmed Malik,21,658,Computer,Yes
Hina Shah,20,573,Arts,No
Noor Shah,19,685,Computer,Yes
Iqra Ali,17,545,Math,No
Zain Malik,19,940,Math,Yes
Bilal Raza,19,868,Computer,Yes
Ayesha Butt,19,637,Computer,Yes
Sara Khan,17,629,Computer,No
Noor Shah,19,904,Arts,Yes
Ahmed Butt,19,516,Computer,No
Sara Ali,20,643,Arts,No
Usman Ali,19,606,Arts,No
Ayesha Ali,17,718,Medical,No
Bilal Farooq,19,621,Arts,No
Noor Raza,22,535,Computer,No
Ayesha Raza,17,950,Medical,No
Bilal Farooq,21,519,Computer,No
Iqra Malik,17,569,Medical,No
Zain Ali,21,833,Computer,Yes
Usman Ahmed,17,566,Computer,No
Usman Ahmed,18,732,Medical,Yes
Hina Ahmed,19,794,Computer,Yes
Usman Malik,18,531,Computer,No
Noor Malik,18,511,Computer,No
Ahmed Malik,21,714,Arts,No
Ayesha Raza,19,819,Medical,Yes
Usman Malik,19,948,Medical,Yes
Hina Ali,18,521,Arts,No
Bilal Ahmed,16,755,Math,No
Ayesha Malik,20,543,Computer,No
Sara Farooq,21,501,Math,No
Ali Ali,19,642,Computer,Yes
Ali Farooq,17,582,Computer,No
Ayesha Farooq,17,939,Medical,No
Hina Khan,20,663,Math,Yes
Usman Malik,19,638,Computer,Yes
Sara Khan,22,726,Computer,Yes
Ayesha Malik,22,622,Math,Yes
Sara Shah,20,677,Math,Yes
Zain Raza,20,506,Computer,No
Noor Ahmed,21,766,Arts,No
Ali Ali,20,674,Math,Yes
Iqra Shah,19,813,Math,Yes
Ayesha Khan,19,910,Arts,Yes
Hina Shah,16,617,Computer,No
Ahmed Khan,20,866,Arts,No
Ayesha Ahmed,19,898,Medical,Yes
Ali Malik,16,507,Math,No
Ali Shah,18,819,Arts,No
Bilal Shah,18,721,Math,Yes
Ahmed Ahmed,22,914,Computer,Yes
Sara Malik,19,606,Computer,Yes
Ali Farooq,21,673,Arts,No
Zain Farooq,18,844,Medical,Yes
Sara Butt,19,544,Math,No
Sara Butt,21,700,Arts,No
Zain Raza,20,940,Medical,Yes
Zain Ali,20,876,Math,Yes
Ahmed Butt,21,717,Arts,No
Usman Butt,16,531,Arts,No
Usman Ahmed,22,797,Computer,Yes
Bilal Khan,22,862,Math,Yes
Usman Shah,21,588,Math,Yes
Bilal Butt,22,578,Math,Yes
Ali Shah,21,557,Computer,Yes
Ayesha Butt,20,835,Medical,Yes
Bilal Malik,19,510,Computer,No
Ali Butt,17,917,Medical,No
Ahmed Butt,18,574,Arts,No
Sara Ali,21,627,Math,Yes
Bilal Shah,20,734,Medical,Yes
Noor Raza,20,804,Computer,Yes
Ahmed Khan,17,800,Arts,No
Ali Raza,17,549,Computer,No
Bilal Ali,21,529,Math,No
Iqra Shah,18,787,Computer,Yes
Zain Raza,16,508,Computer,No
Ahmed Shah,20,754,Arts,No
Usman Raza,22,991,Computer,Yes
Zain Raza,22,612,Arts,No
Sara Ali,18,749,Medical,Yes
Bilal Farooq,20,956,Medical,Yes
Ayesha Ahmed,22,587,Medical,Yes
Ahmed Khan,16,755,Math,No
Noor Shah,18,792,Medical,Yes
Ali Butt,19,936,Medical,Yes
Sara Raza,18,562,Computer,Yes
Ayesha Butt,22,900,Arts,Yes
Iqra Malik,20,889,Computer,Yes
Noor Raza,17,723,Computer,No
Iqra Malik,21,798,Computer,Yes
Ali Butt,22,839,Medical,Yes
Zain Raza,18,951,Medical,Yes
Bilal Shah,17,832,Medical,No
Sara Raza,21,730,Computer,Yes
Ayesha Malik,17,549,Medical,No
Ali Khan,22,561,Computer,Yes
Hina Ali,20,997,Computer,Yes
Bilal Farooq,17,960,Computer,No
Zain Ahmed,16,937,Computer,No
Bilal Ahmed,20,918,Medical,Yes
Iqra Malik,22,612,Computer,Yes
Bilal Butt,21,697,Computer,Yes
Hina Farooq,17,580,Math,No
Zain Farooq,21,663,Math,Yes
Ahmed Khan,20,824,Computer,Yes
Ali Farooq,19,526,Computer,No
Noor Malik,20,929,Computer,Yes
Noor Farooq,17,773,Computer,No
Ahmed Farooq,19,807,Computer,Yes
Bilal Ali,22,924,Medical,Yes
Sara Raza,16,585,Computer,No
Hina Butt,17,696,Medical,No
Hina Ali,21,710,Computer,Yes
Noor Khan,21,725,Medical,Yes
Ali Raza,22,503,Arts,No
Sara Shah,19,691,Computer,Yes
Zain Ali,20,834,Computer,Yes
Ali Butt,16,759,Medical,No
Ahmed Khan,19,549,Arts,No
Sara Ali,17,634,Arts,No
Ayesha Raza,20,586,Arts,No
Noor Ahmed,20,977,Computer,Yes
Ahmed Malik,21,939,Math,Yes
Sara Shah,20,699,Medical,Yes
Iqra Ahmed,21,821,Medical,Yes
Ahmed Shah,18,577,Computer,Yes
Iqra Ahmed,17,937,Arts,No
Noor Raza,22,839,Computer,Yes
Usman Farooq,19,602,Arts,No
Ayesha Ahmed,19,696,Medical,Yes
Iqra Malik,18,557,Computer,Yes
Hina Shah,20,708,Computer,Yes
Ali Malik,16,536,Computer,No
Ahmed Butt,21,575,Math,Yes
Ahmed Ahmed,19,711,Computer,Yes
Hina Butt,21,700,Medical,Yes
Ahmed Ahmed,16,819,Math,No
Sara Khan,21,854,Math,Yes
Hina Farooq,17,835,Computer,No
Zain Ali,21,944,Math,Yes
Usman Butt,16,604,Medical,No
Hina Ahmed,20,910,Arts,Yes
Bilal Shah,19,631,Computer,Yes
Iqra Raza,22,653,Arts,No
Hina Shah,21,630,Medical,Yes
Sara Farooq,17,661,Medical,No
Ayesha Raza,18,605,Medical,Yes
Iqra Khan,16,607,Arts,No
Usman Ahmed,18,722,Math,Yes
Usman Shah,16,819,Computer,No
Ali Khan,22,842,Math,Yes
Ayesha Raza,18,525,Arts,No
Usman Butt,17,744,Arts,No
Bilal Shah,17,797,Computer,No
Ali Raza,21,842,Math,Yes
Noor Malik,21,735,Math,Yes
Iqra Khan,19,891,Medical,Yes
Ali Khan,17,524,Arts,No
Ali Shah,22,723,Math,Yes
Usman Ali,16,561,Medical,No
Zain Shah,16,574,Arts,No
Zain Malik,17,558,Arts,No
Bilal Ahmed,17,739,Arts,No
Iqra Raza,22,531,Arts,No
Ayesha Shah,17,882,Math,No
Iqra Farooq,21,653,Arts,No
Ahmed Raza,19,586,Computer,Yes
Ali Malik,18,792,Arts,No
Ahmed Farooq,16,842,Medical,No
Sara Ali,21,595,Computer,Yes
Ahmed Ahmed,18,594,Math,Yes
Bilal Ahmed,18,952,Computer,Yes
Ali Khan,22,953,Math,Yes
Zain Shah,20,683,Computer,Yes
Iqra Farooq,18,656,Arts,No
Iqra Farooq,19,536,Math,No
Ayesha Raza,20,771,Medical,Yes
Ali Khan,16,708,Arts,No
Ali Khan,17,673,Medical,No
Bilal Raza,20,521,Math,No
Ayesha Raza,17,758,Medical,No
Ali Ali,20,649,Math,Yes
Ali Malik,22,529,Arts,No
Ahmed Butt,19,504,Computer,No
Ayesha Butt,22,866,Math,Yes
Iqra Raza,18,649,Medical,Yes
Zain Ahmed,20,816,Medical,Yes
Sara Ahmed,17,801,Arts,No
Ali Farooq,16,549,Math,No
Zain Khan,18,827,Math,Yes
Bilal Butt,20,904,Arts,Yes
Noor Ali,16,776,Computer,No
Noor Raza,16,712,Computer,No
Ayesha Ali,20,834,Arts,No
Usman Malik,17,822,Medical,No
Ali Ali,22,547,Math,No
Hina Ahmed,16,508,Arts,No
Ali Ahmed,18,571,Computer,Yes
Zain Butt,16,522,Arts,No
Zain Ahmed,19,666,Arts,No
Usman Malik,21,769,Math,Yes
Sara Khan,21,769,Math,Yes
Ahmed Ahmed,16,908,Math,No
Ayesha Malik,17,770,Math,No
Ahmed Shah,19,580,Arts,No
Ayesha Butt,18,506,Math,No
Hina Malik,16,656,Computer,No
Bilal Farooq,16,806,Computer,No
Noor Khan,20,538,Math,No
Ali Butt,21,562,Computer,Yes
Ayesha Ahmed,20,876,Computer,Yes
Ayesha Butt,19,632,Medical,Yes
Iqra Ali,21,803,Math,Yes
Iqra Raza,17,994,Computer,No
Ahmed Khan,21,603,Computer,Yes
Ali Ali,22,556,Math,Yes
Sara Raza,18,542,Arts,No
Hina Raza,20,695,Math,Yes
Ali Khan,16,711,Medical,No
Ali Raza,20,831,Arts,No
Ali Ali,18,594,Computer,Yes
Ali Ali,18,920,Medical,Yes
Iqra Shah,16,691,Computer,No
Ayesha Ali,22,772,Math,Yes
Bilal Ali,22,881,Medical,Yes
Ayesha Malik,22,822,Math,Yes
Ayesha Ali,21,574,Arts,No
Ali Khan,19,764,Computer,Yes
Sara Ahmed,17,668,Arts,No
Noor Ali,21,630,Computer,Yes
Ahmed Ali,16,671,Computer,No
Ayesha Ahmed,19,531,Computer,No
Hina Shah,17,569,Math,No
Bilal Ahmed,18,570,Arts,No
Ali Shah,16,572,Math,No
Usman Ahmed,17,667,Math,No
Ali Shah,19,882,Computer,Yes
Hina Farooq,19,647,Computer,Yes
Usman Khan,20,731,Arts,No
Bilal Khan,22,908,Math,Yes
Bilal Ali,21,671,Computer,Yes
Hina Farooq,19,729,Medical,Yes
Ali Malik,17,944,Computer,No
Sara Ahmed,21,585,Math,Yes
Ahmed Butt,22,676,Arts,No
Ali Malik,22,874,Arts,No
Usman Khan,20,552,Computer,Yes
Ali Shah,19,879,Arts,No
Noor Ali,20,661,Medical,Yes
Noor Raza,16,721,Arts,No
Noor Shah,17,638,Medical,No
Zain Ahmed,18,946,Medical,Yes
Iqra Raza,18,942,Computer,Yes
Usman Malik,16,748,Math,No
Ayesha Farooq,20,647,Math,Yes
Ahmed Ali,19,589,Math,Yes
Sara Farooq,17,649,Arts,No
Zain Ali,16,847,Arts,No
Hina Shah,20,712,Arts,No
Sara Butt,22,738,Computer,Yes
Bilal Ali,17,523,Arts,No
Bilal Khan,22,503,Math,No
Hina Malik,16,782,Arts,No
Usman Ahmed,21,605,Arts,No
Bilal Raza,18,778,Computer,Yes
Bilal Malik,20,858,Medical,Yes
Noor Raza,20,593,Arts,No
Zain Khan,20,526,Math,No
Hina Shah,20,978,Computer,Yes
Zain Raza,19,585,Computer,Yes
Noor Shah,17,957,Math,No
Ahmed Farooq,18,847,Math,Yes
Noor Ahmed,16,822,Medical,No
Iqra Malik,21,859,Medical,Yes
Ahmed Shah,18,587,Medical,Yes
Noor Malik,17,562,Math,No
Zain Malik,22,874,Arts,No
Usman Ahmed,18,959,Computer,Yes
Iqra Raza,21,855,Medical,Yes
Ahmed Malik,21,774,Math,Yes
Hina Shah,21,787,Arts,No
Ahmed Malik,22,724,Math,Yes
Hina Malik,21,579,Medical,Yes
Usman Ali,16,864,Medical,No
Ahmed Ali,18,606,Computer,Yes
Ayesha Butt,22,920,Math,Yes
Ahmed Raza,22,786,Medical,Yes
Usman Ahmed,20,899,Computer,Yes
Bilal Ahmed,22,771,Medical,Yes
Ayesha Ali,22,895,Computer,Yes
Sara Ahmed,21,701,Math,Yes
Ayesha Butt,18,535,Arts,No
Noor Khan,20,644,Computer,Yes
Ali Butt,22,805,Computer,Yes
Bilal Malik,16,660,Math,No
Zain Ahmed,21,640,Computer,Yes
Noor Khan,19,962,Computer,Yes
Ahmed Ahmed,19,511,Math,No
Iqra Butt,16,691,Medical,No
Ali Malik,22,657,Arts,No
Bilal Butt,20,663,Arts,No
Ayesha Malik,21,966,Math,Yes
Ahmed Ali,16,516,Math,No
Noor Butt,21,929,Arts,Yes
Hina Ahmed,17,649,Medical,No
Sara Butt,20,871,Medical,Yes
Ayesha Butt,22,845,Medical,Yes
Ahmed Ahmed,22,662,Computer,Yes
Bilal Farooq,22,552,Arts,No
Noor Khan,18,702,Computer,Yes
Iqra Butt,21,591,Arts,No
Zain Raza,22,621,Math,Yes
Hina Khan,17,681,Computer,No
Bilal Farooq,22,773,Arts,No
Sara Khan,17,522,Arts,No
Usman Malik,19,803,Medical,Yes
Ahmed Malik,20,591,Medical,Yes
Zain Shah,16,503,Math,No
Sara Farooq,19,705,Math,Yes
Zain Malik,21,573,Computer,Yes
Noor Khan,22,973,Math,Yes
Hina Shah,20,514,Computer,No
Bilal Farooq,16,577,Medical,No
Ayesha Raza,20,797,Medical,Yes
Bilal Ali,17,956,Math,No
Iqra Shah,21,860,Arts,No
Ali Ahmed,18,658,Arts,No
Usman Butt,19,603,Medical,Yes
Bilal Khan,19,776,Math,Yes
Ali Ali,20,732,Math,Yes
Bilal Butt,16,836,Arts,No
Hina Ahmed,21,724,Medical,Yes
Sara Malik,19,845,Medical,Yes
Usman Butt,21,695,Arts,No
Zain Malik,21,633,Arts,No
Bilal Farooq,21,683,Computer,Yes
Ayesha Raza,22,725,Medical,Yes
Ahmed Ali,19,636,Math,Yes
Ayesha Farooq,22,721,Math,Yes
Zain Malik,21,769,Computer,Yes
Ahmed Shah,18,739,Math,Yes
Bilal Farooq,19,804,Arts,No
Usman Raza,22,539,Medical,No
Noor Shah,17,735,Math,No
Ayesha Ahmed,17,804,Medical,No
Bilal Ahmed,16,602,Arts,No
Bilal Raza,20,529,Math,No
Noor Khan,18,725,Medical,Yes
Usman Shah,18,512,Math,No
Ayesha Ahmed,19,557,Computer,Yes
Hina Farooq,19,668,Computer,Yes
Noor Butt,17,620,Computer,No
Iqra Ali,18,895,Computer,Yes
Hina Raza,16,565,Arts,No
Usman Butt,16,585,Computer,No
Ali Ali,21,719,Math,Yes
Iqra Shah,16,541,Arts,No
Ahmed Shah,20,720,Computer,Yes
Iqra Khan,17,597,Medical,No
Ali Malik,18,885,Math,Yes
Sara Ahmed,19,768,Computer,Yes
Usman Ali,20,973,Math,Yes
Iqra Raza,16,634,Math,No
Ayesha Raza,18,931,Medical,Yes
Noor Shah,17,855,Computer,No
Ahmed Malik,19,623,Math,Yes
Bilal Raza,17,894,Medical,No
Iqra Ali,21,554,Computer,Yes
Zain Ahmed,21,737,Arts,No
Ayesha Farooq,22,653,Computer,Yes
Ayesha Ali,16,881,Computer,No
Noor Ali,17,714,Medical,No
Zain Ali,19,709,Medical,Yes
Usman Butt,19,548,Math,No
Ayesha Raza,19,666,Computer,Yes
Noor Farooq,18,682,Math,Yes
Zain Khan,20,721,Medical,Yes
Noor Farooq,18,879,Computer,Yes
Ahmed Farooq,16,596,Medical,No
Ayesha Farooq,18,570,Computer,Yes
Ahmed Khan,22,877,Computer,Yes
Ahmed Shah,20,624,Computer,Yes
Noor Farooq,17,708,Math,No
Usman Farooq,16,684,Computer,No
Hina Butt,18,833,Medical,Yes
Bilal Ali,16,770,Computer,No
Ahmed Shah,22,501,Medical,No
Ali Khan,18,530,Math,No
Iqra Khan,21,709,Medical,Yes
Hina Ali,18,982,Computer,Yes
Zain Farooq,22,853,Arts,No
Noor Raza,20,559,Medical,Yes
Ali Malik,19,615,Medical,Yes
Bilal Raza,17,948,Arts,No
Hina Ali,20,583,Computer,Yes
Hina Shah,21,606,Medical,Yes
Noor Malik,20,656,Medical,Yes
Usman Butt,21,761,Computer,Yes
Hina Butt,22,648,Medical,Yes
Usman Khan,17,839,Arts,No
Usman Ahmed,17,540,Arts,No
Hina Farooq,17,949,Computer,No
Bilal Shah,20,814,Arts,No
Zain Ahmed,16,545,Computer,No
Zain Shah,20,835,Math,Yes
Ayesha Farooq,18,771,Medical,Yes
Sara Shah,20,553,Arts,No
Ayesha Shah,22,581,Computer,Yes
Usman Raza,21,765,Computer,Yes
Iqra Ali,19,781,Medical,Yes
Ali Butt,19,789,Arts,No
Zain Butt,21,886,Medical,Yes
Zain Khan,18,621,Computer,Yes
Bilal Ahmed,22,538,Computer,No
Sara Khan,22,756,Computer,Yes
Ali Malik,22,976,Math,Yes
Noor Khan,20,820,Computer,Yes
Zain Butt,19,636,Computer,Yes
Iqra Raza,18,625,Medical,Yes
Iqra Ali,20,890,Arts,No
Ayesha Khan,21,720,Medical,Yes
Noor Raza,17,868,Math,No
Sara Raza,22,592,Computer,Yes
Ali Butt,21,724,Math,Yes
Sara Khan,16,709,Computer,No
Hina Raza,19,969,Computer,Yes
Usman Ahmed,18,725,Math,Yes
Usman Raza,21,635,Medical,Yes
Bilal Khan,18,632,Arts,No
Hina Khan,16,569,Medical,No
Bilal Khan,17,816,Math,No
Noor Khan,19,547,Medical,No
Sara Butt,18,729,Arts,No
Iqra Butt,18,818,Computer,Yes
Noor Ali,18,530,Computer,No
Ali Butt,20,805,Medical,Yes
Iqra Raza,19,872,Arts,No
Noor Butt,20,853,Computer,Yes
Zain Ali,16,882,Computer,No
Sara Farooq,18,889,Math,Yes
Ayesha Raza,18,972,Computer,Yes
Ali Butt,16,561,Computer,No
Ali Khan,18,500,Medical,No
Sara Ali,16,539,Math,No
Ayesha Ali,18,900,Arts,Yes
Ahmed Farooq,16,836,Math,No
Ali Ahmed,21,556,Medical,Yes
Iqra Malik,20,832,Math,Yes
Noor Raza,16,567,Arts,No
Ali Shah,20,584,Math,Yes
Ahmed Ali,17,632,Arts,No
Usman Farooq,20,506,Arts,No
Noor Ahmed,20,665,Arts,No
Ali Khan,21,744,Arts,No
Ali Khan,17,634,Computer,No
Ali Ali,16,891,Medical,No
Bilal Ahmed,17,506,Medical,No
Usman Raza,16,803,Computer,No
Noor Khan,18,857,Computer,Yes
Hina Shah,22,552,Computer,Yes
Iqra Farooq,22,917,Computer,Yes
Noor Raza,18,674,Computer,Yes
Ahmed Ali,16,831,Math,No
Hina Raza,18,780,Math,Yes
Bilal Farooq,20,548,Computer,No
Bilal Farooq,20,942,Medical,Yes
Usman Shah,17,622,Medical,No
Usman Ahmed,18,643,Math,Yes
Ali Shah,16,609,Medical,No
Iqra Khan,16,735,Math,No
Ahmed Ahmed,18,963,Computer,Yes
Iqra Butt,19,579,Arts,No
Ayesha Butt,22,745,Math,Yes
Bilal Butt,20,821,Computer,Yes
Iqra Malik,17,891,Arts,No
Noor Ahmed,19,657,Math,Yes
Ali Shah,21,910,Math,Yes
Usman Ahmed,22,783,Medical,Yes
Bilal Raza,21,931,Math,Yes
Iqra Khan,16,802,Medical,No
Usman Raza,20,680,Computer,Yes
Iqra Raza,22,631,Arts,No
Usman Farooq,20,655,Math,Yes
Hina Ali,19,644,Medical,Yes
Zain Farooq,19,746,Arts,No
Bilal Malik,16,687,Computer,No
Ayesha Ahmed,19,860,Math,Yes
Iqra Khan,21,960,Math,Yes
Bilal Farooq,22,580,Computer,Yes
Ayesha Ahmed,20,937,Computer,Yes
Iqra Khan,20,827,Arts,No
Bilal Farooq,18,996,Computer,Yes
Zain Ali,21,740,Medical,Yes
Zain Shah,17,577,Computer,No
Sara Malik,22,831,Arts,No
Bilal Ahmed,18,750,Arts,No
Zain Shah,18,518,Math,No
Noor Malik,16,765,Medical,No
Ayesha Malik,22,800,Arts,No
Ayesha Ali,18,626,Math,Yes
Ahmed Ahmed,17,765,Math,No
Hina Shah,16,630,Medical,No
Bilal Raza,22,853,Computer,Yes
Ayesha Khan,16,568,Math,No
Noor Shah,21,758,Arts,No
Sara Shah,20,978,Math,Yes
Noor Ali,22,972,Computer,Yes
Ahmed Shah,22,953,Medical,Yes
Iqra Khan,19,822,Math,Yes
Hina Ahmed,16,805,Arts,No
Zain Khan,22,956,Medical,Yes
Sara Khan,20,694,Medical,Yes
Ayesha Farooq,20,652,Math,Yes
Iqra Malik,20,753,Math,Yes
Usman Ahmed,16,754,Arts,No
Bilal Ali,16,716,Arts,No
Noor Raza,18,805,Arts,No
Usman Khan,21,674,Arts,No
Hina Malik,19,922,Math,Yes
Ahmed Butt,16,680,Medical,No
Sara Khan,20,622,Math,Yes
Ali Khan,19,702,Arts,No
Zain Shah,18,699,Medical,Yes
Noor Farooq,21,907,Medical,Yes
Sara Butt,20,519,Math,No
Sara Ali,17,626,Arts,No
Usman Shah,21,630,Computer,Yes
Iqra Malik,17,701,Computer,No
Sara Butt,20,793,Computer,Yes
Ahmed Farooq,17,799,Medical,No
Ahmed Shah,17,713,Arts,No
Ayesha Malik,22,681,Computer,Yes
Ahmed Khan,18,675,Arts,No
Usman Shah,21,636,Computer,Yes
Ali Khan,22,659,Medical,Yes
Ali Ahmed,19,881,Math,Yes
Zain Farooq,16,783,Math,No
Ali Ali,21,822,Medical,Yes
Ahmed Shah,17,585,Medical,No
Ali Malik,22,716,Medical,Yes
Usman Farooq,20,567,Math,Yes
Sara Farooq,21,554,Computer,Yes
Hina Shah,22,522,Math,No
Usman Butt,16,913,Computer,No
Sara Shah,22,797,Computer,Yes
Noor Butt,18,663,Computer,Yes
Ahmed Farooq,18,909,Arts,Yes
Ayesha Raza,21,914,Computer,Yes
Ali Farooq,19,764,Math,Yes
Ayesha Khan,17,522,Computer,No
Ahmed Malik,22,826,Math,Yes
Sara Shah,16,825,Math,No
Ahmed Farooq,16,945,Arts,No
Sara Butt,20,843,Arts,No
Ali Ali,16,788,Computer,No
Noor Shah,18,671,Medical,Yes
Hina Malik,17,673,Math,No
Noor Ali,22,979,Math,Yes
Hina Raza,17,816,Medical,No
Hina Malik,18,670,Math,Yes
Ali Raza,22,760,Math,Yes
Noor Raza,22,750,Arts,No
Noor Raza,18,580,Medical,Yes
Usman Butt,16,630,Arts,No
Bilal Malik,21,569,Math,Yes
Ahmed Khan,20,675,Medical,Yes
Usman Ahmed,17,555,Math,No
Hina Raza,18,906,Medical,Yes
Usman Farooq,18,593,Arts,No
Sara Shah,20,883,Math,Yes
Noor Farooq,20,652,Computer,Yes
Sara Raza,20,968,Computer,Yes
Zain Khan,19,712,Computer,Yes
Ayesha Farooq,17,804,Medical,No
Usman Ali,21,838,Computer,Yes
Usman Malik,17,821,Medical,No
Hina Butt,16,834,Medical,No
Usman Malik,17,561,Computer,No
Ayesha Ali,16,623,Math,No
Bilal Ahmed,18,588,Arts,No
Bilal Raza,20,569,Computer,Yes
Ali Ahmed,18,605,Computer,Yes
Ahmed Khan,22,788,Computer,Yes
Noor Shah,19,568,Medical,Yes
Zain Raza,17,648,Math,No
Noor Khan,20,691,Computer,Yes
Zain Ahmed,16,659,Arts,No
Ahmed Shah,22,932,Medical,Yes
Bilal Khan,19,864,Medical,Yes
Bilal Malik,21,738,Medical,Yes
Usman Raza,19,532,Arts,No
Ahmed Raza,19,593,Arts,No
Zain Malik,22,702,Medical,Yes
Ahmed Malik,22,933,Medical,Yes
Iqra Ali,20,936,Arts,Yes
Sara Farooq,17,619,Computer,No
Usman Raza,21,783,Computer,Yes
Ayesha Raza,21,651,Computer,Yes
Iqra Malik,17,894,Medical,No
Iqra Ahmed,22,876,Arts,No
Ayesha Khan,22,875,Math,Yes
Sara Butt,18,837,Math,Yes
Ali Shah,20,860,Arts,No
Hina Ahmed,17,585,Math,No
Noor Ali,22,666,Arts,No
Ali Butt,21,764,Arts,No
Noor Raza,22,510,Computer,No
Usman Malik,17,887,Math,No
Ahmed Shah,16,813,Medical,No
Ali Raza,19,530,Math,No
Hina Khan,16,555,Computer,No
Hina Farooq,22,822,Computer,Yes
Zain Ali,19,628,Medical,Yes
Sara Shah,18,805,Medical,Yes
Ayesha Shah,18,665,Medical,Yes
Bilal Khan,18,858,Medical,Yes
Usman Ali,19,600,Computer,Yes
Noor Farooq,21,713,Arts,No
Zain Khan,17,661,Medical,No
Zain Raza,20,587,Math,Yes
Ali Malik,17,761,Computer,No
Sara Malik,20,775,Math,Yes
Iqra Raza,17,604,Computer,No
Ahmed Ali,21,758,Math,Yes
Usman Ahmed,19,782,Medical,Yes
Zain Khan,21,761,Medical,Yes
Ali Ali,22,938,Computer,Yes
Ayesha Ahmed,18,639,Arts,No
Ali Farooq,19,561,Math,Yes
Zain Malik,22,547,Math,No
Noor Ali,21,538,Math,No
Hina Ali,21,597,Math,Yes
Ahmed Khan,16,674,Medical,No
Usman Ali,22,520,Computer,No
Noor Farooq,16,887,Computer,No
Iqra Ahmed,18,684,Math,Yes
Sara Ali,20,568,Computer,Yes
Sara Butt,16,561,Computer,No
Ahmed Malik,20,762,Computer,Yes
Ayesha Raza,21,651,Medical,Yes
Iqra Farooq,20,707,Math,Yes
Bilal Raza,20,676,Medical,Yes
Ali Butt,21,593,Computer,Yes
Bilal Khan,16,664,Computer,No
Bilal Khan,20,635,Medical,Yes
Hina Shah,18,547,Computer,No
Bilal Malik,16,986,Computer,No
Hina Butt,22,609,Medical,Yes
Iqra Shah,19,890,Medical,Yes
Bilal Khan,19,752,Medical,Yes
Hina Raza,17,895,Math,No
Hina Malik,16,626,Math,No
Bilal Khan,22,569,Math,Yes
Hina Ali,16,612,Math,No
Zain Raza,19,716,Arts,No
Sara Shah,22,913,Math,Yes
Bilal Malik,22,830,Computer,Yes
Zain Khan,20,561,Math,Yes
Ayesha Raza,19,785,Math,Yes
Bilal Butt,16,807,Computer,No
Noor Khan,22,742,Medical,Yes
Ali Khan,18,670,Computer,Yes
Iqra Ahmed,22,869,Medical,Yes
Iqra Ahmed,17,936,Computer,No
Zain Khan,22,682,Medical,Yes
Iqra Ali,19,589,Computer,Yes
Usman Ali,18,620,Math,Yes
Zain Khan,19,958,Medical,Yes
Bilal Malik,17,522,Computer,No
Ali Ahmed,18,772,Arts,No
Sara Ahmed,21,708,Math,Yes
Hina Raza,20,576,Arts,No
Sara Khan,20,755,Arts,No
Iqra Ahmed,18,806,Math,Yes
Sara Farooq,17,526,Computer,No
Iqra Raza,17,945,Medical,No
Noor Ali,21,744,Math,Yes
Zain Raza,20,665,Computer,Yes
Usman Butt,17,714,Arts,No
Iqra Ahmed,18,892,Medical,Yes
Usman Malik,21,693,Arts,No
Sara Ahmed,17,659,Computer,No
Noor Malik,22,541,Computer,No
Bilal Malik,17,546,Math,No
Zain Shah,18,914,Math,Yes
Noor Ahmed,16,720,Math,No
Iqra Farooq,22,752,Math,Yes
Noor Ahmed,21,760,Computer,Yes
Ali Malik,22,855,Computer,Yes
Hina Malik,21,940,Arts,Yes
Ayesha Butt,22,676,Medical,Yes
Iqra Butt,16,591,Medical,No
Ali Shah,19,856,Arts,No
Ahmed Malik,18,941,Computer,Yes
Hina Shah,17,677,Arts,No
Noor Ahmed,21,987,Computer,Yes
Usman Malik,21,718,Math,Yes
Usman Khan,16,637,Medical,No
Ali Raza,20,526,Computer,No
Zain Ali,19,785,Computer,Yes
Iqra Shah,20,742,Computer,Yes
Noor Khan,21,862,Medical,Yes
Zain Butt,20,936,Math,Yes
Noor Shah,20,903,Computer,Yes
Sara Malik,16,568,Math,No
Ahmed Butt,21,848,Arts,No
Hina Shah,18,925,Medical,Yes
Ahmed Malik,21,963,Computer,Yes
Iqra Ahmed,22,848,Computer,Yes
Zain Ali,17,771,Computer,No
Noor Ahmed,22,610,Medical,Yes
Ahmed Butt,22,524,Arts,No
Sara Khan,21,785,Computer,Yes
Bilal Ali,19,749,Computer,Yes
Noor Butt,20,501,Math,No
Iqra Raza,18,942,Computer,Yes
Bilal Ahmed,16,519,Computer,No
Iqra Ali,19,861,Computer,Yes
Bilal Farooq,16,802,Arts,No
Noor Ahmed,19,852,Math,Yes
Hina Ahmed,19,582,Medical,Yes
Hina Butt,16,951,Math,No
Zain Butt,16,916,Computer,No
Hina Khan,22,588,Math,Yes
Noor Butt,21,745,Math,Yes
Noor Ahmed,16,756,Arts,No
Ahmed Ahmed,20,684,Math,Yes
Ahmed Butt,18,707,Medical,Yes
Iqra Butt,20,780,Arts,No
Iqra Malik,18,854,Arts,No
Sara Shah,21,626,Computer,Yes
Hina Malik,21,702,Medical,Yes
Hina Malik,21,715,Medical,Yes
Bilal Khan,16,534,Medical,No
Ali Khan,16,776,Medical,No
Usman Farooq,21,811,Math,Yes
Usman Ahmed,19,552,Medical,Yes
Zain Butt,19,823,Computer,Yes
Zain Butt,18,864,Math,Yes
Bilal Farooq,21,769,Arts,No
Hina Khan,20,590,Medical,Yes
Iqra Shah,21,788,Math,Yes
Noor Khan,22,515,Math,No
Sara Malik,19,735,Arts,No
Sara Butt,20,949,Computer,Yes
Hina Butt,16,916,Computer,No
Zain Raza,18,885,Computer,Yes
Ayesha Butt,19,714,Computer,Yes
Noor Butt,16,817,Computer,No
Noor Shah,21,629,Medical,Yes
Zain Ali,17,713,Math,No
Ahmed Shah,21,989,Computer,Yes
Hina Shah,19,728,Computer,Yes
Sara Ahmed,21,642,Medical,Yes
Zain Raza,16,508,Computer,No
Sara Ahmed,21,592,Arts,No
Hina Butt,17,519,Computer,No
Ahmed Ahmed,18,631,Computer,Yes
Zain Malik,18,573,Arts,No
Zain Malik,19,846,Computer,Yes
Bilal Raza,22,651,Math,Yes
Ali Ali,20,671,Medical,Yes
Hina Khan,20,565,Math,Yes
Bilal Khan,16,803,Math,No
Ali Ahmed,18,523,Medical,No
Zain Khan,20,939,Computer,Yes
Usman Butt,21,719,Math,Yes
Sara Khan,19,738,Math,Yes
Ali Malik,18,865,Computer,Yes
Ahmed Farooq,20,876,Computer,Yes
Zain Ahmed,17,862,Math,No
Zain Raza,19,559,Math,Yes
Iqra Malik,16,710,Arts,No
Bilal Ali,18,911,Computer,Yes
Ahmed Raza,17,894,Computer,No
Zain Ali,17,659,Arts,No
Ali Ali,20,940,Math,Yes
Sara Raza,18,584,Math,Yes
Zain Farooq,19,759,Computer,Yes
Noor Butt,21,680,Medical,Yes
Ali Khan,22,860,Computer,Yes
Iqra Shah,20,539,Arts,No
Ahmed Malik,19,590,Medical,Yes
Hina Ahmed,16,554,Computer,No
Ahmed Khan,20,852,Arts,No
Usman Ali,19,937,Math,Yes
Iqra Ali,16,987,Computer,No
Hina Malik,17,618,Medical,No
Noor Butt,20,961,Computer,Yes
Ali Khan,18,891,Math,Yes
Ayesha Butt,22,526,Math,No
Iqra Khan,19,559,Computer,Yes
Noor Khan,21,802,Math,Yes
Iqra Malik,16,945,Arts,No
Ayesha Malik,21,716,Math,Yes
Ali Raza,19,719,Medical,Yes
Iqra Raza,16,804,Computer,No
Hina Khan,18,517,Math,No
Noor Ahmed,17,913,Arts,No
Bilal Ahmed,16,913,Medical,No
Noor Ali,17,905,Medical,No
Ayesha Butt,17,575,Medical,No
Iqra Malik,19,726,Computer,Yes
Bilal Ahmed,19,555,Medical,Yes
Bilal Farooq,20,803,Medical,Yes
Ali Malik,17,698,Computer,No
Sara Raza,17,825,Computer,No
Ahmed Shah,21,573,Medical,Yes
Bilal Raza,22,620,Medical,Yes
Ali Ahmed,18,766,Math,Yes
Bilal Shah,17,577,Computer,No
Sara Shah,19,810,Computer,Yes
Zain Butt,22,754,Arts,No
Hina Butt,17,821,Computer,No
Sara Ali,17,663,Math,No
Bilal Shah,17,633,Arts,No
Zain Malik,18,632,Medical,Yes
Bilal Malik,17,639,Arts,No
Noor Ahmed,21,818,Medical,Yes
Hina Malik,19,550,Math,Yes
Bilal Khan,22,548,Medical,No
Usman Khan,18,774,Math,Yes
Hina Raza,22,637,Arts,No
Ayesha Raza,22,632,Arts,No
Sara Malik,16,527,Arts,No
Usman Raza,17,689,Medical,No
Zain Farooq,22,932,Medical,Yes
Noor Malik,16,653,Medical,No
Ahmed Shah,16,630,Computer,No
Hina Malik,21,859,Medical,Yes
Bilal Butt,17,797,Computer,No
Iqra Malik,20,516,Math,No
Usman Farooq,20,815,Math,Yes
Zain Malik,20,565,Computer,Yes
Ayesha Farooq,18,800,Math,Yes
Ahmed Ahmed,22,854,Medical,Yes
Iqra Farooq,20,873,Computer,Yes
Iqra Shah,22,786,Arts,No
Zain Malik,17,953,Math,No
Bilal Malik,19,802,Arts,No
Ahmed Ali,16,794,Arts,No
Zain Ali,16,718,Medical,No
Zain Ahmed,17,831,Computer,No
Bilal Khan,22,567,Math,Yes
Iqra Raza,18,686,Medical,Yes
Usman Khan,16,661,Math,No
Bilal Ali,17,686,Arts,No
Ahmed Malik,16,563,Math,No
Hina Malik,19,878,Math,Yes
Sara Ali,19,972,Computer,Yes
Zain Shah,18,936,Medical,Yes
Zain Ahmed,19,613,Computer,Yes
Ayesha Ali,18,998,Computer,Yes
Usman Ali,20,642,Medical,Yes
Ayesha Ahmed,18,936,Medical,Yes
Ahmed Butt,17,933,Computer,No
Usman Shah,16,788,Arts,No
Bilal Farooq,17,743,Computer,No
Ahmed Ahmed,20,693,Computer,Yes
Ahmed Khan,21,664,Math,Yes
Hina Shah,21,819,Math,Yes
Bilal Khan,16,932,Arts,No
Noor Malik,22,908,Math,Yes
Bilal Shah,19,909,Math,Yes
Sara Raza,20,776,Medical,Yes
Usman Ali,18,521,Math,No
Usman Malik,18,969,Math,Yes
Ali Butt,18,617,Medical,Yes
Ali Raza,20,618,Math,Yes
Bilal Malik,19,770,Computer,Yes
Usman Raza,18,782,Medical,Yes
Bilal Khan,21,961,Computer,Yes
Zain Ahmed,20,873,Medical,Yes
Ahmed Malik,19,848,Computer,Yes
Iqra Farooq,17,553,Medical,No
Zain Ahmed,16,884,Math,No
Bilal Shah,16,767,Computer,No
Ali Ali,16,677,Math,No
Usman Khan,16,565,Computer,No
Iqra Khan,22,857,Medical,Yes
Ayesha Ali,21,636,Arts,No
Ali Shah,18,925,Medical,Yes
Ayesha Shah,22,614,Computer,Yes
Sara Butt,19,599,Computer,Yes
Bilal Malik,19,589,Medical,Yes
Usman Ali,17,574,Arts,No
Hina Butt,16,588,Medical,No
Noor Shah,18,596,Computer,Yes
Zain Farooq,22,953,Medical,Yes
Zain Khan,17,958,Computer,No
Ayesha Butt,16,760,Math,No
Zain Raza,17,948,Computer,No
Noor Malik,22,966,Math,Yes
Ali Ahmed,18,870,Computer,Yes
Ahmed Raza,18,524,Computer,No
Ayesha Ahmed,22,615,Arts,No
Ayesha Khan,17,602,Medical,No
Ahmed Shah,16,884,Computer,No
Hina Butt,20,820,Computer,Yes
Sara Malik,21,561,Computer,Yes
Usman Raza,20,525,Math,No
Ahmed Farooq,20,573,Medical,Yes
Noor Malik,22,612,Medical,Yes
Ayesha Khan,16,793,Computer,No
Zain Farooq,21,782,Arts,No
Ahmed Shah,20,928,Medical,Yes
Usman Raza,21,819,Medical,Yes
Ahmed Malik,17,746,Computer,No
Hina Ali,18,807,Arts,No
Zain Butt,16,563,Computer,No
Ahmed Raza,18,765,Medical,Yes
Iqra Farooq,21,903,Arts,Yes
Bilal Malik,19,744,Computer,Yes
Sara Ahmed,19,793,Math,Yes
Ali Shah,17,772,Math,No
Noor Malik,21,687,Computer,Yes
Ali Khan,22,777,Computer,Yes
Usman Ahmed,16,594,Computer,No
Ayesha Ali,18,555,Math,Yes
Usman Farooq,20,569,Math,Yes
Sara Raza,16,911,Computer,No
Hina Farooq,22,986,Computer,Yes
Noor Shah,17,939,Computer,No
Usman Raza,19,889,Math,Yes
Zain Ali,20,513,Arts,No
Ali Khan,18,631,Computer,Yes
Noor Farooq,16,647,Medical,No
Sara Shah,17,736,Math,No
Iqra Ahmed,20,509,Computer,No
Sara Farooq,18,638,Math,Yes
Bilal Farooq,18,543,Arts,No
Ayesha Shah,16,730,Computer,No
Ali Shah,16,909,Computer,No
Sara Ahmed,18,955,Medical,Yes
Iqra Ahmed,17,688,Math,No
Ayesha Ali,21,992,Computer,Yes
Ahmed Khan,17,758,Arts,No
Ali Butt,22,592,Math,Yes
